{"max_depth": 4, "learning_rate": 0.01727212894967222, "n_estimators": 268, "subsample": 0.6425475843469235, "colsample_bytree": 0.5866867976473774, "gamma": 4.483827123132126, "min_child_weight": 1, "lambda": 0.125327263862507, "alpha": 0.04381141781653137}