{"max_depth": 6, "learning_rate": 0.03921215438435325, "n_estimators": 318, "subsample": 0.9344271094811757, "colsample_bytree": 0.8808098076643588, "gamma": 4.569368947965799, "min_child_weight": 8, "lambda": 0.029589152820953094, "alpha": 0.3382387201936217}