{"max_depth": 8, "learning_rate": 0.011693687409928539, "n_estimators": 136, "subsample": 0.9277302920055036, "colsample_bytree": 0.9407315718760048, "gamma": 2.370869145436626, "min_child_weight": 1, "lambda": 0.09256855841989636, "alpha": 0.026327844992182523}